{
  "accuracy": 0.10263694822788239,
  "loss": 1.609635829925537,
  "val_accuracy": 0.8277083039283752,
  "val_loss": 1.6057237386703491,
  "epoch": 8,
  "global_step": 2466
}