{
  "accuracy": 0.6130990386009216,
  "loss": 0.7182933688163757,
  "val_accuracy": 0.7595462203025818,
  "val_loss": 0.6499216556549072,
  "epoch": 51,
  "global_step": 6240
}