{
  "accuracy": 0.06012694537639618,
  "loss": 1.5364468097686768,
  "val_accuracy": 0.06003730744123459,
  "val_loss": 1.5904597043991089,
  "epoch": 9,
  "global_step": 1200
}