{
  "accuracy": 0.5345179438591003,
  "loss": 1.6106206178665161,
  "val_accuracy": 0.8277305960655212,
  "val_loss": 1.6065573692321777,
  "epoch": 0,
  "global_step": 120
}